{
    "users": {
      "42km-nam": {
        "label": "42km - Nam",
        "username": "42km-nam",
        "password": "42kmnam",
        "color": "#FF5733"
      },
      "42km-nu": {
        "label": "42km - Nữ",
        "username": "42km-nu",
        "password": "42kmnu",
        "color": "#33A1FF"
      },
      "21km-nam": {
        "label": "21km - Nam",
        "username": "21km-nam",
        "password": "21kmnam",
        "color": "#45B39D"
      },
      "21km-nu": {
        "label": "21km - Nữ",
        "username": "21km-nu",
        "password": "21kmnu",
        "color": "#F4D03F"
      },
      "10km-nam": {
        "label": "10km - Nam",
        "username": "10km-nam",
        "password": "10kmnam",
        "color": "#8E44AD"
      },
      "10km-nu": {
        "label": "10km - Nữ",
        "username": "10km-nu",
        "password": "10kmnu",
        "color": "#E74C3C"
      },
      "admin": {
        "label": "Admin",
        "username": "admin",
        "password": "admin",
        "color": "#000000"
      }
    }
  }
  